INSERT INTO season (season_id, season_name) VALUES (1, 'Season One');
INSERT INTO season (season_id, season_name) VALUES (2, 'Season Two');
INSERT INTO episode (episode_id, episode_name, description, season_id) VALUES (1, 'Episode One', 'It''s the early 90s, the first day of school and a terrible start for 16-year-old Erin as she wakes up to find her cousin Orla reading her diary; Granda Joe announces there''s a bomb on the bridge.', 1);
INSERT INTO episode (episode_id, episode_name, description, season_id) VALUES (2, 'Episode Two', 'Everyone is really excited when Sister Michael announces the school trip to Paris; Back at the Quinn house, Uncle Colm is visiting and the whole family are losing the will to live.', 1);
INSERT INTO episode (episode_id, episode_name, description, season_id) VALUES (3, 'Episode Three', 'The girls are tense about a big exam and naturally jump at a dubious opportunity to get out of it, especially as it involves spending time with the beautiful Father Peter.', 1);
INSERT INTO episode (episode_id, episode_name, description, season_id) VALUES (4, 'Episode Four', 'Erin is so excited that teenage Katya ''a child of Chernobyl'' is coming to stay, but Katya is not exactly grateful to be in Derry; there are developments in Granda Joe''s love life.', 1);
INSERT INTO episode (episode_id, episode_name, description, season_id) VALUES (5, 'Episode Five', 'The Quinn family rush to get out of Derry before the Orange Parades start, but Aunt Sarah''s tarot cards predict a disaster for this trip and, for once, she might be right.', 1);
INSERT INTO episode (episode_id, episode_name, description, season_id) VALUES (6, 'Episode Six', 'Erin is over the moon when she becomes editor of the school magazine; Orla''s obsessed by step aerobics; Da Gerry is in trouble with Ma Mary; There''s romance for Aunt Sarah.', 1);
INSERT INTO episode (episode_id, episode_name, description, season_id) VALUES (7, 'Across the Barricade', 'Erin and co are excited to attend an outdoor pursuits weekend as part of a peace initiative, but peace is the last thing on Michelle''s mind once she finds out that there will be Protestant lads there.', 2);
INSERT INTO episode (episode_id, episode_name, description, season_id) VALUES (8, 'Ms De Brún and the Child of Prague', 'A new English teacher arrives at Our Lady Immaculate, and the girls find themselves inspired.', 2);
INSERT INTO episode (episode_id, episode_name, description, season_id) VALUES (9, 'The Concert', 'When Ma Mary forbids the girls from seeing Take That in Belfast, they will stop at nothing to get there.', 2);
INSERT INTO episode (episode_id, episode_name, description, season_id) VALUES (10, 'The Curse', 'The Quinn family cause uproar at a family wedding, and the consequences of the girls'' bad behaviour are very serious, especially for cousin Eammon.', 2);
INSERT INTO episode (episode_id, episode_name, description, season_id) VALUES (11, 'The Prom', 'Jenny Joyce organises a 50s style prom, but the girls are more intrigued by the arrival of a new girl. Erin, Clare and Michelle are looking for prom dates, but Orla has got someone special in mind.', 2);
INSERT INTO episode (episode_id, episode_name, description, season_id) VALUES (12, 'The President', 'As Christmas approaches, excitement in Derry is at fever pitch for President Bill Clinton''s visit, while James gets a surprise and Granda Joe embarks on a mysterious plan of his own.', 2);
INSERT INTO character (character_id, character_name) VALUES (1, 'Erin Quinn'), (2, 'Orla McCool'), (3, 'Clare Devlin'), (4, 'Michelle Mallon'), (5, 'James Maguire'), (6, 'Mary Quinn'), (7, 'Sarah McCool');
INSERT INTO appears_in_episode (episode_id, character_id) VALUES (1, 1), (2, 1), (3, 1), (4, 1), (5, 1), (6, 1), (7, 1), (8, 1), (9, 1), (10, 1), (11, 1), (12, 1),
                                                                 (1, 2), (2, 2), (3, 2), (4, 2), (5, 2), (6, 2), (7, 2), (8, 2), (9, 2), (10, 2), (11, 2), (12, 2),
                                                                 (1, 3), (2, 3), (3, 3), (4, 3), (5, 3), (6, 3), (7, 3), (8, 3), (9, 3), (10, 3), (11, 3), (12, 3),
                                                                 (1, 4), (2, 4), (3, 4), (4, 4), (5, 4), (6, 4), (7, 4), (8, 4), (9, 4), (10, 4), (11, 4), (12, 4),
                                                                 (1, 5), (2, 5), (3, 5), (4, 5), (5, 5), (6, 5), (7, 5), (8, 5), (9, 5), (10, 5), (11, 5), (12, 5),
                                                                 (1, 6), (2, 6), (3, 6), (4, 6), (5, 6), (6, 6), (7, 6), (8, 6), (9, 6), (10, 6), (11, 6), (12, 6),
                                                                 (1, 7), (2, 7), (3, 7), (4, 7), (5, 7), (6, 7), (7, 7), (8, 7), (9, 7), (10, 7), (11, 7), (12, 7);
INSERT INTO quote (quote_id, description, character_id, episode_id) VALUES (1, 'She''s gone too far this time, Mammy. I mean, what next? Will I catch her trying on my knickers?', 1, 1);
INSERT INTO quote (quote_id, description, character_id, episode_id) VALUES (2, 'Don''t say knickers in front of your father. He can''t cope.', 6, 1);
INSERT INTO quote (quote_id, description, character_id, episode_id) VALUES (3, 'Sure, what''s a pair of knickers between cousins?', 7, 1);
INSERT INTO quote (quote_id, description, character_id, episode_id) VALUES (4, 'Do you hear this? This''ll be someone she met at that stupid summer scheme you insisted we send her on. A bloody ''Friends Across the Barricades'' thing. I have nothing against Protestants. I''m all for integration, I am. But if they''re letting their wains divorce them', 6, 1);
INSERT INTO quote (quote_id, description, character_id, episode_id) VALUES (5, 'Macaulay Culkin isn''t a Protestant, Ma.', 1, 1);
INSERT INTO quote (quote_id, description, character_id, episode_id) VALUES (6, 'Well, I don''t know about the rest of you, but I''m not enjoying this bomb.', 7, 1);
INSERT INTO quote (quote_id, description, character_id, episode_id) VALUES (7, 'Yes I have. And for future reference, if any of you invite me to a study sleepover again, and I''m desperate enough to accept that invitation, there''s a good chance I have a litre bottle of Pernod in my bag.', 4, 3);
INSERT INTO quote (quote_id, description, character_id, episode_id) VALUES (8, 'Calm down? We''re still on William of Orange, Michelle! We haven''t so much looked at the famine!', 3, 3);
INSERT INTO quote (quote_id, description, character_id, episode_id) VALUES (9, 'Ach don''t talk to me. I was in bits last night. Didn''t even manage my Chinese. Poor Tonto.', 7, 3);
INSERT INTO quote (quote_id, description, character_id, episode_id) VALUES (10, 'Look, if you fail the exam, I promise you, there''ll be a nice wee plot out there with your name on it.', 6, 3);
INSERT INTO quote (quote_id, description, character_id, episode_id) VALUES (11, 'I just saw it too! The holy smirk, thanks be to God!', 2, 3);
INSERT INTO quote (quote_id, description, character_id, episode_id) VALUES (12, 'Of course I have a point. We are the motherfucking children of Fatima, people!', 4, 3);
